{
    "averages": {
        "allAp": NaN,
        "allAp50%": NaN,
        "classes": {}
    },
    "distanceThresholds": [
        Infinity,
        100.0,
        50.0
    ],
    "instLabels": [],
    "minRegionSizes": [
        100,
        1000,
        1000
    ],
    "minStereoDensities": [
        -Infinity,
        0.5,
        0.5
    ],
    "overlaps": [
        0.5,
        0.55,
        0.6000000000000001,
        0.6500000000000001,
        0.7000000000000002,
        0.7500000000000002,
        0.8000000000000003,
        0.8500000000000003,
        0.9000000000000004,
        0.9500000000000004
    ],
    "resultApMatrix": [
        []
    ]
}